Age,KM,FuelType,FuelType2,HP,MetColor,Automatic,CC,Doors,Weight
23,46986,0,0,90,1,0,2000,3,1165
23,72937,0,0,90,1,0,2000,3,1165
24,41711,0,0,90,1,0,2000,3,1165
26,48000,0,0,90,0,0,2000,3,1165
30,38500,0,0,90,0,0,2000,3,1170
32,61000,0,0,90,0,0,2000,3,1170
27,94612,0,0,90,1,0,2000,3,1245
30,75889,0,0,90,1,0,2000,3,1245
27,19700,1,1,192,0,0,1800,3,1185
23,71138,0,0,69,0,0,1900,3,1105
25,31461,1,1,192,0,0,1800,3,1185
22,43610,1,1,192,0,0,1800,3,1185
25,32189,1,1,192,0,0,1800,3,1185
31,23000,1,1,192,1,0,1800,3,1185
32,34131,1,1,192,1,0,1800,3,1185
28,18739,1,1,192,0,0,1800,3,1185
30,34000,1,1,192,1,0,1800,3,1185
24,21716,1,1,110,1,0,1600,3,1105
24,25563,1,1,110,0,0,1600,3,1065
30,64359,1,1,110,1,0,1600,3,1105
30,67660,1,1,110,1,0,1600,3,1105
29,43905,1,1,110,0,1,1600,3,1170
28,56349,1,1,110,1,0,1600,3,1120
28,32220,1,1,110,1,0,1600,3,1120
29,25813,1,1,110,1,0,1600,3,1120
25,28450,1,1,110,1,0,1600,3,1120
27,34545,1,1,110,1,0,1600,3,1120
29,41415,1,1,110,1,0,1600,3,1120
28,44142,1,1,110,0,0,1600,3,1120
30,11090,1,1,110,1,0,1600,3,1120
29,9750,1,1,97,1,0,1400,3,1100
22,35199,1,1,97,1,0,1400,3,1100
27,29510,1,1,97,1,0,1400,3,1100
26,32692,1,1,97,1,0,1400,3,1100
22,41000,1,1,97,1,0,1400,3,1100
26,43000,1,1,97,0,0,1400,3,1100
25,25000,1,1,97,0,0,1400,3,1100
23,10000,1,1,97,1,0,1400,3,1100
32,25329,1,1,97,1,0,1400,3,1100
27,27500,1,1,97,0,0,1400,3,1100
22,49059,1,1,97,0,0,1400,3,1100
27,44068,1,1,97,1,0,1400,3,1100
22,46961,1,1,97,0,0,1400,3,1100
27,110404,0,0,90,0,0,2000,5,1255
22,100250,0,0,90,0,0,2000,5,1255
23,84000,0,0,90,0,0,2000,5,1270
27,79375,0,0,90,1,0,2000,5,1255
22,75048,1,1,97,1,0,1400,5,1110
22,72215,0,0,90,1,0,2000,5,1255
31,64982,1,1,192,1,0,1800,5,1195
22,62636,0,0,90,1,0,2000,5,1255
30,57086,1,1,97,1,0,1400,5,1110
26,56000,1,1,110,1,1,1600,5,1180
27,49866,1,1,192,1,0,1800,5,1195
25,49163,1,1,110,0,1,1600,5,1165
32,45725,1,1,110,1,0,1600,5,1075
28,43210,1,1,97,0,0,1400,5,1110
26,43000,1,1,97,0,0,1400,5,1110
23,39704,1,1,110,1,1,1600,5,1180
30,38950,1,1,110,1,0,1600,5,1130
22,37400,1,1,97,1,0,1400,5,1110
27,37177,1,1,110,0,0,1600,5,1130
31,36544,1,1,110,1,0,1600,5,1130
30,33511,1,1,110,1,0,1600,5,1130
27,32809,1,1,97,1,0,1400,5,1110
26,32181,1,1,110,1,0,1600,5,1075
28,30993,1,1,110,1,0,1600,5,1130
22,30400,1,1,97,1,0,1400,5,1110
22,30000,0,0,110,1,0,2000,5,1275
25,29719,1,1,97,1,0,1400,5,1110
28,29206,1,1,97,1,0,1400,5,1110
32,29198,1,1,97,1,0,1400,5,1060
28,28817,1,1,110,1,0,1598,5,1130
23,28227,1,1,97,1,0,1400,5,1110
28,28000,1,1,110,0,0,1600,5,1130
23,28000,1,1,110,1,0,1600,5,1115
31,25266,1,1,110,1,0,1600,5,1130
27,23489,1,1,110,0,0,1600,5,1115
29,22575,1,1,110,1,0,1600,5,1115
30,22000,1,1,97,1,0,1400,5,1110
25,20019,1,1,110,1,1,1600,5,1180
29,20000,1,1,110,1,0,1600,5,1115
25,17003,1,1,97,1,0,1400,5,1110
31,16238,1,1,110,1,1,1600,5,1180
25,15414,1,1,97,1,0,1400,5,1110
28,8537,1,1,110,1,0,1600,5,1130
30,7000,1,1,97,1,0,1400,5,1100
20,66966,0,0,90,1,0,2000,3,1245
19,51884,1,1,97,1,0,1400,3,1100
19,50005,0,0,110,1,0,2000,3,1265
20,48110,1,1,97,1,0,1400,3,1100
20,37500,0,0,90,1,0,2000,3,1260
16,34472,0,0,90,1,0,1995,3,1260
20,33329,1,1,97,1,0,1400,3,1100
20,31850,1,1,110,0,0,1600,3,1120
17,30351,0,0,90,1,0,1995,3,1260
19,29435,1,1,97,1,0,1400,3,1100
19,25948,1,1,97,1,0,1400,3,1100
11,24500,1,1,110,1,0,1600,3,1120
18,23902,1,1,97,1,0,1400,3,1100
20,23175,1,1,110,1,0,1600,3,1120
19,19200,1,1,97,1,0,1400,3,1100
13,18000,1,1,71,0,0,1400,3,1125
11,16123,1,1,110,1,0,1600,3,1105
11,14635,1,1,110,1,1,1600,3,1155
19,13748,1,1,97,1,0,1400,3,1100
14,11500,1,1,110,1,0,1600,3,1045
17,10000,1,1,97,1,0,1400,3,1100
20,7187,1,1,110,1,0,1600,3,1105
4,1,0,0,116,0,0,2000,5,1480
4,4000,0,0,116,1,0,2000,5,1480
4,1500,0,0,116,1,0,2000,5,1480
8,13253,0,0,116,1,0,2000,5,1320
8,13253,0,0,116,1,0,2000,5,1320
7,10000,0,0,116,1,0,2000,5,1270
8,6000,0,0,90,1,0,2000,5,1280
8,10841,0,0,90,1,0,2000,5,1270
7,1,1,1,110,1,0,1600,3,1105
20,63000,0,0,90,1,0,2000,5,1255
17,57313,0,0,110,1,0,2000,5,1275
13,57037,1,1,110,0,0,1600,5,1115
19,51099,0,0,90,1,0,2000,5,1255
14,40010,1,1,110,1,0,1600,5,1115
20,39115,1,1,110,1,0,1600,5,1130
17,36012,1,1,110,0,0,1600,5,1130
16,36000,1,1,110,1,0,1600,5,1130
20,36000,1,1,110,1,0,1600,5,1075
20,35000,1,1,97,1,0,1400,5,1110
17,33740,1,1,97,1,0,1400,5,1135
13,33477,1,1,110,1,0,1600,5,1075
20,32627,1,1,97,1,0,1400,5,1110
20,29797,1,1,97,1,0,1400,5,1110
19,29441,1,1,97,1,0,1400,5,1110
13,29371,1,1,110,1,0,1600,4,1105
20,29000,1,1,97,0,0,1400,5,1110
19,27821,1,1,97,0,0,1400,5,1110
19,27371,1,1,97,0,0,1400,5,1135
13,25170,1,1,110,1,0,1600,5,1105
11,25000,0,0,116,1,0,2000,5,1320
20,23000,1,1,110,1,0,1600,5,1130
20,22588,1,1,97,1,0,1400,5,1110
19,21684,1,1,192,1,0,1800,5,1185
13,21428,1,1,110,1,0,1600,5,1130
16,20629,1,1,110,1,0,1600,4,1090
15,20270,1,1,110,1,0,1600,5,1130
16,20105,1,1,97,0,0,1400,5,1110
20,20000,1,1,110,0,1,1600,5,1165
13,19988,1,1,110,1,0,1600,5,1130
19,18328,1,1,110,0,0,1600,5,1130
14,17896,1,1,110,1,1,1600,4,1150
20,17300,1,1,97,1,0,1400,5,1110
19,17038,1,1,110,0,0,1600,5,1130
10,13747,1,1,97,1,0,1400,5,1110
12,13634,1,1,110,1,0,1600,5,1115
13,13178,1,1,110,1,0,1600,5,1130
15,13157,1,1,97,1,0,1400,4,1085
16,13000,1,1,110,1,0,1600,4,1105
11,12500,1,1,110,1,0,1600,5,1115
17,11999,1,1,110,1,0,1600,5,1130
16,11754,1,1,110,0,1,1600,5,1180
16,11000,1,1,110,1,0,1600,4,1105
17,10000,1,1,110,0,0,1598,5,1105
9,7650,1,1,110,1,0,1600,5,1115
14,6500,1,1,110,1,0,1600,4,1100
11,6155,1,1,97,1,0,1400,5,1110
14,6000,1,1,110,0,0,1600,5,1130
14,5459,1,1,110,1,0,1600,5,1130
14,5278,1,1,110,1,1,1600,4,1150
12,5000,1,1,110,1,0,1600,5,1130
9,1,1,1,98,1,0,1400,4,1065
9,1,1,1,110,1,0,1600,5,1075
8,11000,1,1,110,1,0,1600,5,1130
8,10077,1,1,97,1,0,1400,5,1110
8,10000,1,1,97,1,0,1400,5,1110
8,9788,1,1,110,1,0,1600,5,1130
8,8574,1,1,110,1,0,1600,5,1130
8,7000,1,1,110,0,0,1600,5,1115
7,6250,1,1,110,1,0,1600,5,1115
8,5000,1,1,110,1,0,1600,5,1130
6,3000,1,1,110,0,0,1600,5,1130
7,2000,1,1,110,0,0,1600,5,1075
7,450,1,1,97,1,0,1400,5,1110
2,225,1,1,97,1,0,1400,5,1110
2,15,1,1,110,1,0,1600,5,1130
1,1,1,1,98,1,0,1400,4,1100
1,1,1,1,110,1,0,1600,5,1075
43,243000,0,0,69,0,0,1900,3,1110
38,180638,0,0,90,0,0,2000,4,1160
40,179860,0,0,90,1,0,2000,5,1205
43,178858,0,1,110,0,0,1600,3,1084
40,161000,0,0,69,1,0,1900,3,1105
44,158320,0,0,69,0,0,1800,5,1110
44,131273,0,0,69,1,0,1800,5,1110
40,130062,0,0,69,1,0,1900,5,1140
41,123425,0,0,69,1,0,1900,5,1140
37,118217,1,1,110,1,0,1600,5,1075
44,110000,0,0,69,1,0,1900,5,1095
39,108847,0,0,90,1,0,2000,5,1205
42,105699,1,1,97,1,0,1400,3,1025
39,98823,0,1,110,1,0,1600,5,1119
44,96829,1,1,110,1,0,1600,5,1075
40,96518,1,1,97,1,0,1400,3,1025
42,92204,1,1,110,1,0,1600,5,1075
35,91456,0,0,69,1,0,1900,3,1110
43,89968,0,0,69,1,0,1900,5,1140
44,89757,1,1,110,1,0,1600,3,1045
40,85389,1,1,110,1,0,1600,5,1075
43,85017,1,1,97,0,0,1400,5,1060
41,84312,1,1,110,0,0,1600,5,1080
37,82743,0,1,110,1,0,1600,5,1121
41,81106,0,0,69,1,0,1900,5,1140
40,80425,0,0,90,1,0,2000,5,1205
34,78677,1,1,110,1,1,1600,5,1105
40,78425,1,1,110,1,0,1600,5,1075
33,78108,0,0,90,1,0,2000,3,1170
33,77321,1,1,110,1,0,1600,5,1075
33,75699,0,0,69,0,0,1900,3,1105
41,75697,1,1,97,1,0,1400,3,1025
44,74846,1,1,97,1,0,1400,3,1025
38,74319,1,1,110,1,0,1600,5,1075
43,74285,1,1,110,1,0,1600,5,1075
44,74172,1,1,110,1,0,1600,5,1615
40,73042,1,1,110,1,0,1598,5,1075
44,71793,0,1,110,1,0,1600,4,1067
35,71200,1,1,110,1,0,1600,5,1075
38,67805,1,1,110,1,0,1600,5,1075
35,65988,1,1,110,1,0,1600,3,1040
34,65345,1,1,97,1,0,1400,5,1060
42,64564,1,1,110,1,0,1600,5,1080
36,63459,1,1,97,1,0,1400,5,1060
44,63451,1,1,97,0,0,1400,3,1025
33,62000,1,1,110,1,0,1600,5,1075
42,61300,1,1,97,1,0,1400,3,1030
41,61200,1,1,110,1,0,1600,3,1045
41,61000,1,1,110,0,0,1600,5,1075
38,60829,1,1,110,1,0,1600,5,1075
44,60500,1,1,110,0,0,1600,5,1075
35,59500,0,0,69,1,0,1900,3,1110
44,59000,1,1,110,0,1,1600,5,1110
40,58954,1,1,110,1,0,1600,5,1080
38,58798,1,1,110,1,0,1600,5,1075
38,58363,1,1,110,1,0,1600,3,1055
43,58277,1,1,110,1,0,1600,3,1045
33,57711,0,0,90,1,0,2000,3,1165
33,57269,1,1,110,1,0,1600,5,1075
39,56001,1,1,110,1,0,1600,5,1075
42,55968,1,1,110,0,0,1600,3,1050
39,55678,1,1,110,1,0,1600,4,1030
43,55539,1,1,110,1,0,1600,5,1085
42,55400,1,1,110,0,0,1600,5,1075
33,55350,1,1,110,0,0,1600,5,1075
43,54600,1,1,110,0,0,1600,4,1030
43,53773,1,1,110,1,0,1600,5,1075
42,53719,1,1,110,1,1,1600,5,1105
39,53644,1,1,110,1,0,1600,5,1075
42,53350,1,1,110,0,0,1600,5,1075
38,53000,1,1,110,1,0,1600,5,1075
44,52084,1,1,97,1,0,1400,3,1025
44,52000,1,1,97,0,0,1400,3,1025
33,51945,1,1,110,1,0,1600,5,1075
41,51732,1,1,97,1,0,1400,3,1025
39,50873,1,1,110,1,0,1600,5,1075
41,50856,1,1,110,0,0,1600,4,1030
40,50640,1,1,110,1,0,1600,5,1075
39,50000,1,1,97,1,0,1400,5,1060
38,49500,1,1,110,1,0,1600,5,1075
44,49332,1,1,110,1,0,1600,5,1080
34,49291,1,1,110,1,0,1600,3,1040
40,48952,0,0,90,1,0,2000,5,1205
39,48945,1,1,110,0,0,1600,3,1040
33,48928,0,0,69,1,0,1900,3,1105
38,48197,1,1,110,1,0,1600,5,1075
35,48052,0,0,69,1,0,1900,3,1105
34,48011,1,1,110,1,0,1600,4,1030
43,48000,1,1,110,1,0,1600,5,1075
41,47350,1,1,110,1,0,1600,5,1075
39,46821,1,1,97,1,0,1400,5,1060
39,46694,1,1,110,0,0,1600,3,1040
43,46515,1,1,97,0,0,1400,5,1025
38,46327,1,1,110,1,0,1600,3,1055
35,46304,1,1,97,1,0,1400,5,1060
40,45886,1,1,110,1,0,1600,5,1080
39,45713,1,1,97,1,0,1400,5,1085
40,45600,1,1,110,1,1,1600,5,1105
41,45287,1,1,110,1,0,1600,5,1075
39,45081,1,1,110,1,0,1600,5,1075
40,44830,1,1,110,1,0,1600,5,1075
37,44757,1,1,97,0,0,1400,3,1025
44,44218,1,1,97,1,0,1400,5,1060
43,43632,1,1,110,1,0,1600,5,1075
36,43427,1,1,110,1,0,1600,3,1040
39,43254,1,1,110,1,0,1600,5,1075
35,43000,1,1,110,0,0,1600,3,1050
33,42823,1,1,110,1,0,1600,5,1075
42,42560,1,1,110,1,0,1600,5,1080
38,41754,1,1,110,0,0,1600,3,1040
44,41499,0,1,110,1,0,1600,5,1103
40,41339,1,1,110,1,0,1600,5,1080
35,41000,1,1,110,1,0,1600,5,1075
39,40000,1,1,110,1,0,1600,3,1055
37,39757,1,1,110,1,0,1600,5,1075
41,39659,1,1,110,1,0,1600,3,1045
43,39650,1,1,110,0,0,1600,3,1055
39,39524,1,1,97,1,0,1398,3,1025
44,39516,1,1,97,1,0,1400,5,1060
41,39439,1,1,97,0,0,1400,5,1060
44,39000,1,1,97,1,0,1400,3,1025
42,38932,1,1,110,1,0,1600,3,1040
37,38812,1,1,97,0,0,1400,3,1025
42,38665,1,1,110,1,0,1600,5,1075
40,38653,1,1,110,1,0,1600,5,1080
44,38461,1,1,110,1,0,1600,5,1080
42,38078,1,1,97,0,0,1400,3,1025
39,37782,1,1,97,1,0,1400,5,1060
43,37576,1,1,97,0,0,1400,3,1030
41,37533,1,1,110,1,0,1600,5,1075
44,37389,1,1,110,1,0,1600,5,1080
38,37320,1,1,97,1,0,1400,3,1025
42,37000,1,1,97,1,0,1400,3,1025
44,37000,1,1,110,0,0,1600,4,1075
40,36566,1,1,110,0,0,1600,5,1090
36,36269,1,1,110,1,0,1600,5,1075
37,36074,1,1,110,1,1,1600,5,1075
44,36066,1,1,110,1,0,1600,3,1040
39,34599,1,1,110,1,0,1600,5,1075
41,34000,1,1,110,1,0,1600,5,1075
42,33623,1,1,97,1,0,1400,3,1025
33,33591,1,1,110,1,0,1600,5,1075
35,33258,1,1,110,1,0,1600,5,1075
43,33113,1,1,110,1,0,1600,5,1075
41,33000,1,1,110,1,1,1600,5,1075
35,32941,1,1,110,1,0,1600,5,1080
38,32781,1,1,110,0,0,1600,5,1075
40,32532,1,1,110,1,0,1600,3,1040
34,32431,1,1,97,1,0,1400,5,1060
35,32000,1,1,110,0,0,1600,3,1040
33,31000,1,1,110,1,0,1600,5,1075
41,30989,1,1,110,0,0,1600,3,1045
43,30742,1,1,110,1,0,1600,3,1040
42,30190,1,1,110,1,0,1600,5,1075
41,29716,1,1,116,1,0,1600,5,1075
44,29716,1,1,110,1,1,1600,3,1070
42,29640,1,1,110,0,0,1600,3,1055
41,29056,1,1,97,1,0,1400,5,1060
33,28715,1,1,110,1,0,1600,5,1075
41,28571,1,1,110,0,0,1600,5,1090
40,28362,1,1,110,1,0,1600,3,1040
38,28150,1,1,110,1,0,1600,5,1075
43,27301,1,1,110,1,0,1600,3,1040
33,27240,1,1,110,1,0,1600,5,1075
39,27170,1,1,97,1,0,1400,5,1060
42,27141,1,1,97,1,0,1400,5,1060
38,26262,1,1,110,1,0,1600,5,1075
38,26000,1,1,97,1,0,1400,5,1060
43,25228,1,1,110,1,0,1600,3,1045
39,25062,1,1,110,1,0,1600,5,1080
39,24723,1,1,110,1,1,1600,4,1060
33,24650,1,1,110,1,0,1600,3,1055
43,24553,1,1,110,1,0,1600,5,1080
41,24475,1,1,110,1,0,1600,5,1030
39,24444,1,1,110,1,0,1600,3,1040
35,24011,1,1,97,0,0,1400,3,1025
41,24000,1,1,97,1,0,1400,3,1025
40,23616,1,1,110,1,0,1600,5,1075
38,22865,1,1,110,1,0,1600,5,1075
41,22780,1,1,86,1,0,1300,5,1035
35,21904,1,1,97,0,0,1400,3,1025
41,21651,1,1,97,0,0,1400,3,1025
37,21500,1,1,110,1,0,1600,5,1030
44,21027,1,1,110,1,0,1600,5,1080
39,18500,1,1,110,0,0,1600,4,1030
35,18000,1,1,110,1,0,1600,5,1075
40,17051,1,1,97,0,0,1400,5,1060
33,16512,1,1,97,1,0,1400,5,1085
40,16325,1,1,110,1,0,1600,5,1080
38,16000,1,1,97,1,0,1400,5,1060
39,12000,1,1,110,1,0,1600,5,1075
43,10000,1,1,97,1,0,1400,5,1060
53,216000,0,0,69,0,0,1900,3,1110
51,198167,0,0,69,0,0,1900,4,1095
53,176000,0,0,69,0,0,1900,3,1105
54,174139,0,0,72,1,0,2000,4,1100
45,174000,0,0,69,1,0,1900,5,1095
55,150000,0,1,110,1,0,1600,3,1075
54,149329,0,0,72,1,0,2000,5,1135
51,146736,1,1,110,1,0,1600,5,1080
53,143513,0,0,69,0,0,1900,5,1140
48,142130,0,1,110,0,0,1600,5,1119
48,140700,0,0,69,1,0,1900,5,1110
54,138394,0,0,69,1,0,1900,4,1095
55,137000,0,0,72,1,0,2000,5,1135
52,135258,0,0,69,1,0,1900,5,1140
49,131364,1,1,110,1,0,1600,5,1075
56,129155,0,0,69,0,0,1800,5,1110
50,126110,1,1,110,0,0,1600,3,1055
48,119742,1,1,110,1,0,1600,5,1080
53,117913,0,0,69,1,0,1900,5,1110
47,117430,0,0,90,1,0,2000,3,1165
55,117175,1,1,110,1,0,1600,4,1035
54,115558,1,1,110,1,0,1600,4,1035
53,115113,1,1,97,1,0,1400,3,1025
54,115046,0,0,69,1,0,1900,5,1140
56,113997,0,0,72,1,0,2000,5,1135
49,107859,1,1,97,0,0,1400,5,1060
52,104805,1,1,97,1,0,1400,3,1025
54,103454,1,1,110,1,0,1600,5,1075
51,103018,0,0,69,0,0,1900,5,1140
47,102352,1,1,110,1,0,1600,5,1080
50,102030,1,1,97,1,0,1400,5,1060
54,101352,1,1,110,0,0,1600,5,1080
50,99865,1,1,110,1,0,1600,4,1035
52,99323,1,1,110,1,0,1600,3,1055
48,98100,0,0,69,1,0,1900,5,1140
51,98040,1,1,110,0,0,1600,5,1080
49,97600,1,1,110,1,0,1600,3,1045
55,97234,1,1,110,0,0,1600,5,1080
51,96135,0,0,72,0,0,2000,3,1115
54,96100,1,1,110,1,0,1600,5,1080
55,94401,0,0,72,0,0,2000,3,1115
55,94122,1,1,86,1,0,1300,3,1015
49,91340,1,1,110,1,0,1600,3,1055
53,90200,1,1,97,0,0,1400,3,1025
53,90097,0,0,69,1,0,1900,5,1140
48,89049,1,1,97,1,0,1400,5,1060
52,89000,1,1,110,0,0,1600,5,1075
45,87274,1,1,110,1,0,1600,3,1040
49,86221,1,1,110,0,0,1600,3,1045
54,84598,1,1,110,0,0,1600,5,1075
50,83567,1,1,110,0,0,1600,5,1075
50,83106,1,1,110,1,0,1600,5,1075
50,82805,1,1,110,1,0,1600,3,1040
50,82735,1,1,97,1,0,1400,3,1030
54,81905,1,1,110,1,0,1600,5,1105
49,80320,1,1,110,1,1,1600,3,1070
49,80090,1,1,97,1,0,1400,3,1030
53,79800,1,1,110,0,0,1600,5,1075
47,78785,0,1,110,1,0,1600,5,1119
48,78600,1,1,110,1,0,1600,5,1075
55,77780,1,1,110,0,0,1600,3,1040
49,77648,1,1,110,0,0,1600,4,1030
54,77270,1,1,110,1,0,1600,4,1035
50,76167,1,1,97,1,0,1400,5,1060
46,75249,1,1,110,1,0,1600,4,1035
54,75231,1,1,110,1,0,1600,5,1080
48,75045,1,1,110,1,0,1600,3,1055
50,74849,1,1,110,1,1,1600,4,1060
55,74715,1,1,110,1,0,1600,5,1080
49,74656,0,0,69,0,0,1900,3,1105
56,74500,1,1,97,0,0,1400,3,1025
49,74494,1,1,110,1,0,1600,5,1075
50,73634,1,1,110,0,0,1587,5,1075
47,73403,1,1,110,1,0,1600,5,1075
49,73175,1,1,97,1,0,1400,3,1030
52,73000,1,1,110,0,0,1600,3,1055
50,72242,1,1,110,0,1,1600,3,1070
53,72000,1,1,97,1,0,1400,3,1025
54,71725,1,1,110,1,0,1600,4,1035
54,71276,1,1,110,0,0,1600,5,1080
50,70440,0,0,69,1,0,1900,3,1105
53,70239,1,1,110,0,0,1600,3,1040
55,69813,1,1,97,1,0,1400,3,1025
49,69659,1,1,86,0,0,1300,3,1025
46,69574,1,1,97,0,0,1400,5,1065
47,69000,0,0,69,1,0,1900,5,1140
49,68565,1,1,110,1,0,1600,4,1030
55,68520,0,0,72,1,0,2000,3,1115
46,68414,1,1,97,0,0,1400,3,1025
56,66777,1,1,110,0,0,1600,5,1090
52,66527,1,1,110,1,0,1600,5,1080
54,66063,1,1,110,1,0,1600,5,1090
50,65471,1,1,97,1,0,1400,5,1060
56,65400,1,1,97,1,0,1400,3,1025
52,65170,1,1,97,1,0,1400,3,1025
56,65000,1,1,110,1,0,1600,5,1075
48,64193,1,1,110,1,0,1600,3,1040
54,64000,1,1,97,1,0,1400,3,1025
54,63792,1,1,110,1,0,1600,5,1075
53,63635,1,1,110,1,0,1600,4,1035
54,63135,1,1,110,1,0,1600,3,1050
54,63123,1,1,110,1,0,1600,4,1035
48,63000,0,0,69,1,0,1900,5,1140
55,63000,1,1,110,0,0,1600,4,1035
54,62987,1,1,110,0,0,1600,5,1080
56,62751,1,1,110,0,0,1600,3,1050
54,62519,1,1,97,0,0,1400,3,1025
50,62280,1,1,97,1,0,1400,5,1060
50,61672,1,1,110,0,0,1600,5,1075
54,61000,0,0,69,0,0,2000,5,1140
56,61000,1,1,110,1,0,1600,3,1050
53,60558,1,1,110,1,0,1600,4,1105
47,60348,1,1,110,0,0,1600,4,1030
54,60239,1,1,110,1,0,1600,5,1075
51,59000,1,1,97,1,0,1400,3,1025
51,58761,1,1,97,0,0,1300,5,1060
54,58745,1,1,110,1,0,1600,4,1035
52,58596,1,1,110,1,0,1600,3,1045
54,58530,1,1,110,0,0,1600,5,1075
55,58377,1,1,110,1,0,1600,3,1050
56,58142,1,1,110,1,0,1600,5,1080
53,57948,1,1,97,1,0,1400,3,1025
51,57645,1,1,110,0,0,1600,5,1080
47,57500,1,1,110,1,0,1600,4,1105
53,57475,1,1,110,0,0,1600,3,1040
55,56743,1,1,110,0,0,1600,3,1045
48,56675,1,1,97,1,0,1400,3,1025
54,55877,1,1,110,1,0,1600,5,1075
53,55500,1,1,110,1,0,1600,4,1035
55,54900,1,1,97,1,0,1400,5,1060
50,54465,1,1,110,0,0,1600,5,1075
46,53700,1,1,97,1,0,1400,5,1060
52,53561,1,1,97,1,0,1400,5,1060
51,53408,1,1,110,1,0,1600,5,1080
51,53268,1,1,110,1,0,1600,5,1080
49,53116,1,1,97,1,0,1400,3,1025
56,52448,1,1,97,0,0,1400,3,1025
55,52149,1,1,97,1,0,1400,3,1085
55,52141,1,1,110,1,0,1600,5,1070
56,52000,1,1,97,0,0,1400,3,1025
48,50967,1,1,97,1,0,1400,5,1060
50,50400,1,1,110,0,0,1600,5,1080
54,50000,1,1,97,1,0,1400,3,1025
51,50000,1,1,86,1,0,1300,5,1045
53,49969,1,1,110,0,0,1600,5,1075
49,49568,1,1,110,1,0,1600,3,1105
51,49473,1,1,110,0,0,1600,3,1055
52,49432,1,1,110,1,0,1600,3,1050
48,49417,1,1,110,1,0,1600,3,1045
54,49366,1,1,97,1,0,1400,3,1025
56,48731,1,1,110,1,0,1600,3,1055
54,48370,1,1,110,1,0,1600,5,1080
48,48071,1,1,97,0,0,1400,3,1025
54,47852,1,1,110,1,0,1600,4,1030
54,47768,1,1,110,0,0,1600,3,1055
52,47689,1,1,110,0,0,1600,5,1075
53,47451,1,1,110,1,0,1600,3,1055
50,47219,1,1,110,1,0,1600,5,1080
56,47211,1,1,110,1,0,1600,5,1070
54,46856,1,1,97,0,0,1400,5,1060
56,46500,1,1,86,0,0,1300,5,1035
52,46449,1,1,110,1,0,1600,4,1035
47,46391,1,1,110,0,0,1600,5,1075
54,46230,1,1,110,1,0,1600,3,1055
52,46029,1,1,110,1,0,1600,4,1030
50,46000,1,1,97,0,0,1400,3,1025
50,45900,1,1,110,1,0,1600,5,1075
47,45850,1,1,97,0,0,1400,5,1060
56,45336,1,1,110,1,0,1600,5,1080
55,44537,1,1,97,0,0,1400,3,1025
56,43700,1,1,86,1,0,1300,3,1025
48,43120,1,1,97,1,0,1400,3,1030
49,41710,1,1,110,0,0,1600,3,1040
52,41700,1,1,97,1,0,1400,3,1025
49,41636,1,1,110,1,0,1600,5,1105
50,41273,1,1,97,0,0,1400,5,1060
49,40836,1,1,110,0,1,1600,3,1075
50,40400,1,1,97,1,0,1400,5,1060
47,40361,1,1,110,1,0,1600,5,1090
54,40325,1,1,86,0,0,1300,5,1045
47,40000,1,1,110,0,0,1600,5,1080
50,39706,1,1,110,1,0,1600,5,1080
54,39291,1,1,110,1,0,1600,3,1040
54,39000,1,1,97,0,0,1400,3,1025
47,38900,1,1,97,1,0,1400,3,1025
51,38403,1,1,110,0,0,1600,3,1055
56,37461,1,1,97,0,0,1400,3,1025
54,37000,1,1,97,1,0,1400,3,1025
55,36406,1,1,110,1,0,1600,4,1035
48,36005,1,1,97,1,0,1400,5,1065
52,36000,1,1,110,1,0,1600,5,1075
49,36000,1,1,110,0,0,1600,5,1080
45,36000,1,1,110,1,1,1600,3,1070
52,35823,1,1,110,0,0,1600,5,1075
56,35230,1,1,97,0,0,1400,3,1025
48,35142,1,1,110,0,0,1600,3,1055
49,34890,1,1,97,0,0,1400,3,1025
51,34882,1,1,110,1,0,1600,5,1075
46,34000,1,1,110,1,0,1600,5,1075
56,33998,1,1,110,0,0,1600,5,1080
55,33230,1,1,110,0,0,1600,3,1050
46,33021,1,1,110,1,0,1600,5,1080
49,31999,1,1,97,0,0,1400,3,1030
52,31579,1,1,97,0,0,1400,3,1025
56,31000,1,1,97,0,0,1400,3,1025
46,30806,1,1,97,1,0,1400,5,1060
55,30461,1,1,86,1,0,1300,5,1050
50,29686,1,1,110,1,1,1600,3,1075
55,29650,1,1,86,0,0,1300,3,1025
52,29500,1,1,110,1,0,1600,3,1055
48,28656,1,1,97,0,0,1400,3,1085
55,27500,1,1,97,1,0,1400,3,1025
48,26938,1,1,110,1,0,1600,3,1040
53,26624,1,1,97,0,0,1400,5,1060
47,26221,1,1,97,1,0,1400,3,1025
50,22648,1,1,97,1,0,1400,5,1060
50,22500,1,1,97,1,0,1400,3,1025
56,19313,1,1,97,0,0,1400,3,1025
50,17619,1,1,110,0,0,1600,4,1030
51,17069,1,1,97,1,0,1400,3,1025
48,15000,1,1,97,1,0,1400,3,1025
50,10210,1,1,97,0,0,1400,5,1065
47,5309,1,1,110,1,1,1600,3,1070
50,1,0,0,90,1,0,2000,3,1260
52,31000,1,1,97,0,0,1398,3,1025
58,205000,0,0,72,1,0,2000,4,1100
68,204250,0,0,72,0,0,2000,3,1115
68,194545,1,1,86,0,0,1300,4,1000
59,190900,0,0,72,1,0,2000,3,1115
62,183500,0,0,72,1,0,2000,5,1140
65,176184,0,0,72,1,0,2000,3,1115
67,174833,0,0,72,0,0,2000,4,1100
68,155720,1,1,86,1,0,1300,3,1015
67,155500,1,1,110,1,0,1600,5,1050
59,154783,0,0,72,1,0,2000,3,1120
64,154462,0,0,72,1,0,2000,5,1135
64,150585,1,1,110,1,0,1600,3,1065
67,149000,0,0,90,1,0,2000,5,1135
62,147636,0,0,72,0,0,2000,5,1135
59,144521,0,0,72,1,0,2000,5,1135
64,144000,0,1,110,1,0,1600,3,1065
65,140168,0,0,72,1,0,2000,3,1115
68,140000,1,1,110,1,0,1600,5,1085
60,139800,0,0,72,0,0,2000,3,1115
59,137050,0,1,110,1,0,1600,3,1078
61,136956,1,1,110,0,0,1600,3,1065
67,135337,0,1,110,1,0,1600,5,1120
64,133769,0,0,72,1,0,2000,3,1120
58,133405,0,0,72,1,0,2000,5,1135
65,132807,0,0,72,1,0,2000,5,1135
64,132393,0,0,72,0,0,2000,5,1135
60,130270,1,1,110,0,0,1600,3,1050
59,130000,0,0,72,1,0,2000,4,1135
67,127000,0,0,72,1,0,2000,5,1135
67,126800,0,0,72,0,0,2000,5,1135
66,126452,1,1,110,1,0,1600,5,1085
62,125175,0,0,116,0,0,2000,5,1150
68,125000,0,0,72,1,0,2000,3,1115
61,123000,0,0,72,0,0,2000,5,1135
59,121626,1,1,86,0,0,1300,5,1050
64,120400,1,1,110,0,0,1600,5,1090
66,120000,0,0,72,0,0,2000,4,1100
68,119541,1,1,110,0,0,1600,3,1055
68,119500,1,1,110,1,0,1600,5,1070
68,119289,1,1,110,1,0,1600,4,1035
57,118833,1,1,110,0,0,1600,3,1065
64,118000,0,0,72,1,0,2000,5,1150
68,117955,1,1,110,1,1,1600,4,1065
65,117609,1,1,86,0,0,1300,3,1015
68,117000,0,0,72,0,0,2000,3,1115
64,116000,1,1,86,0,0,1300,5,1045
58,115715,1,1,110,0,0,1600,5,1070
60,115191,0,1,110,1,0,1600,4,1079
68,115071,1,1,110,1,0,1600,3,1055
63,115000,0,1,110,0,0,1600,3,1109
64,114846,1,1,110,1,0,1600,5,1075
65,114383,0,0,90,0,0,2000,3,1260
59,113700,1,1,110,1,0,1600,5,1065
67,113118,1,1,86,1,0,1300,3,1020
59,112827,1,1,86,1,0,1300,5,1040
68,112116,1,1,110,1,0,1600,5,1070
66,112000,1,1,110,1,0,1600,3,1065
62,112000,0,0,72,0,0,2000,4,1135
65,111769,1,1,110,0,0,1600,3,1065
61,110853,1,1,110,1,0,1600,5,1070
68,110287,1,1,110,1,0,1600,3,1050
62,109547,1,1,110,0,0,1600,5,1075
63,109230,1,1,110,0,0,1600,3,1050
68,109150,1,1,110,0,0,1600,5,1075
67,108793,1,1,110,1,0,1600,4,1035
64,106784,1,1,110,0,1,1600,3,1050
58,105942,1,1,86,0,0,1300,5,1040
59,105000,1,1,86,1,0,1300,3,1015
62,105000,1,1,86,0,0,1300,5,1040
68,104299,1,1,110,1,0,1600,5,1085
67,104000,1,1,86,0,0,1300,3,1020
68,104000,1,1,86,1,0,1300,3,1015
58,103458,1,1,86,1,0,1300,3,1025
63,103400,1,1,110,1,0,1600,5,1075
63,102807,1,1,86,0,0,1300,5,1055
68,102494,1,1,110,0,0,1600,5,1090
57,102300,0,0,72,1,0,2000,5,1135
61,102106,1,1,110,0,0,1600,3,1050
68,101889,1,1,110,1,0,1600,5,1075
57,101791,0,0,72,0,0,2000,3,1115
63,101469,1,1,110,1,0,1600,3,1065
68,101001,1,1,110,0,0,1600,5,1075
61,100748,1,1,110,0,0,1600,5,1070
65,100550,1,1,110,1,0,1600,5,1075
67,99781,1,1,110,1,0,1600,5,1085
59,98658,1,1,86,1,0,1300,3,1020
65,98500,1,1,110,1,0,1600,5,1075
64,98291,1,1,86,0,0,1300,4,1000
61,97648,1,1,110,1,0,1600,3,1065
61,97425,1,1,110,1,0,1600,5,1075
65,97173,1,1,86,0,0,1300,3,1015
66,97046,1,1,86,1,0,1300,4,1000
67,96000,1,1,110,1,0,1600,3,1050
60,96000,0,0,72,0,0,2000,4,1100
67,95750,1,1,110,1,0,1600,5,1070
61,95147,1,1,110,1,0,1600,3,1050
68,95000,1,1,110,0,0,1600,3,1050
65,95000,1,1,110,1,0,1600,3,1050
66,94606,1,1,110,0,0,1600,3,1065
63,94504,1,1,86,1,0,1300,4,1000
65,93428,1,1,110,1,0,1600,5,1075
65,93408,1,1,86,0,0,1300,3,1015
68,93296,1,1,110,1,0,1600,5,1090
62,93098,1,1,110,1,0,1600,5,1075
67,92922,0,0,72,1,0,2000,4,1100
61,92498,1,1,110,1,0,1600,3,1050
65,92226,1,1,110,0,0,1600,3,1065
68,91505,0,0,72,0,0,2000,3,1115
64,91333,1,1,110,1,0,1600,3,1050
65,91246,1,1,86,1,0,1300,3,1015
58,91000,1,1,110,1,0,1600,5,1075
68,90727,1,1,110,0,0,1600,3,1050
62,90000,1,1,110,0,0,1600,3,1050
60,89576,1,1,110,0,0,1600,4,1035
64,89145,1,1,86,1,0,1300,3,1025
63,89000,1,1,110,1,0,1600,5,1085
68,88807,1,1,110,0,0,1600,3,1050
63,88685,1,1,110,0,0,1600,5,1070
62,88667,1,1,110,1,0,1600,4,1040
57,88480,1,1,110,1,0,1600,3,1050
61,88127,1,1,86,0,0,1300,3,1015
62,88000,1,1,86,0,0,1300,3,1020
65,87821,1,1,86,1,0,1300,3,1015
59,87654,1,1,86,1,1,1300,5,1065
59,86888,1,1,110,1,0,1600,3,1050
59,86871,1,1,86,1,0,1300,5,1040
68,86714,1,1,110,1,0,1600,4,1035
65,85889,1,1,110,0,0,1600,3,1065
62,85000,1,1,110,1,0,1600,3,1050
60,85000,1,1,86,1,0,1300,3,1025
68,84976,1,1,110,1,0,1600,4,1035
65,84558,1,1,110,1,0,1600,5,1120
62,84549,1,1,110,0,0,1600,5,1075
68,84482,1,1,110,1,0,1600,5,1075
62,83908,1,1,110,1,0,1600,5,1070
67,83560,1,1,86,0,0,1300,3,1015
68,83000,1,1,107,1,1,1600,5,1100
64,82723,1,1,86,0,0,1300,3,1015
62,82421,1,1,110,1,0,1600,3,1065
58,82254,1,1,110,0,0,1600,5,1050
61,82115,1,1,110,1,0,1600,3,1055
65,82000,1,1,86,1,0,1300,3,1015
68,81965,1,1,86,1,0,1300,5,1035
66,81250,1,1,110,0,0,1600,3,1050
65,81192,1,1,110,1,0,1600,3,1065
61,81170,1,1,110,1,0,1600,4,1040
66,81083,1,1,86,0,0,1300,3,1015
61,80714,1,1,110,1,0,1600,5,1075
57,80470,1,1,110,0,0,1600,5,1085
65,80439,1,1,110,1,0,1600,4,1035
59,80430,1,1,110,1,0,1600,3,1065
68,80426,1,1,110,1,0,1600,3,1055
62,80265,1,1,86,0,0,1300,3,1015
65,80153,1,1,110,0,0,1600,5,1070
68,80121,1,1,110,0,0,1600,5,1070
65,80086,1,1,110,1,0,1600,4,1035
62,80000,1,1,110,0,0,1600,5,1075
60,80000,1,1,86,0,0,1300,5,1015
65,80000,1,1,86,1,0,1300,2,1015
67,79858,1,1,110,1,0,1600,4,1040
67,79762,1,1,86,1,0,1300,3,1015
59,79660,1,1,86,0,1,1300,5,1065
60,79150,1,1,110,1,0,1600,5,1075
61,79000,1,1,110,1,0,1600,3,1050
57,78955,1,1,86,1,0,1300,5,1045
59,78750,0,0,90,1,0,1975,5,1155
68,78521,1,1,86,0,0,1300,3,1015
64,78356,1,1,86,1,0,1300,3,1015
65,78076,1,1,86,1,0,1300,3,1015
61,78063,1,1,107,1,1,1600,5,1100
67,77821,1,1,110,1,0,1600,5,1075
68,77695,1,1,110,1,0,1600,4,1035
65,77500,1,1,110,1,0,1600,3,1050
63,77457,1,1,110,1,0,1600,3,1055
68,77029,1,1,86,1,0,1300,3,1015
68,77008,1,1,86,1,0,1300,3,1015
66,76791,1,1,110,1,0,1600,5,1070
61,76700,1,1,86,1,0,1300,5,1035
67,76569,1,1,86,1,0,1300,3,1020
59,76162,1,1,110,1,0,1600,5,1075
65,76155,1,1,110,1,0,1600,4,1035
61,75609,1,1,86,1,0,1300,3,1015
62,75569,0,0,72,1,0,2000,3,1120
67,75429,1,1,110,1,0,1600,3,1065
68,75000,1,1,110,1,0,1600,5,1075
65,75000,1,1,86,0,0,1300,3,1015
62,75000,1,1,110,1,0,1600,5,1070
66,74963,1,1,107,0,1,1600,3,1085
68,74889,1,1,86,1,0,1300,3,1015
68,74875,1,1,110,0,0,1600,5,1070
63,74747,1,1,110,1,0,1600,5,1075
60,74720,1,1,110,1,0,1600,5,1085
62,74457,1,1,110,0,0,1600,5,1075
60,74337,1,1,86,0,0,1300,5,1035
68,74308,1,1,110,0,0,1600,3,1050
64,74193,1,1,110,0,0,1600,3,1050
65,74179,1,1,110,1,0,1600,3,1050
67,73936,1,1,86,1,0,1300,5,1050
61,73894,1,1,110,1,0,1600,3,1065
64,73500,1,1,110,1,0,1600,3,1050
64,73376,1,1,110,0,0,1600,5,1070
64,73300,1,1,86,1,0,1300,3,1015
58,73172,1,1,110,1,0,1600,5,1075
58,72928,1,1,110,1,0,1600,5,1075
67,72880,1,1,86,1,0,1332,3,1015
63,72522,1,1,110,1,0,1600,3,1050
64,72000,1,1,86,1,0,1300,3,1015
57,72000,1,1,86,0,0,1300,3,1015
59,71366,1,1,110,0,0,1600,3,1065
65,71317,1,1,110,0,0,1600,3,1050
62,71000,1,1,110,0,0,1600,5,1070
60,70954,1,1,110,0,0,1600,3,1050
63,70908,1,1,86,0,0,1300,5,1035
58,70560,1,1,110,1,0,1600,3,1050
67,70552,1,1,110,0,0,1600,5,1075
62,70500,1,1,110,1,0,1600,5,1035
60,70453,0,0,72,0,0,2000,5,1135
59,70218,1,1,110,1,0,1600,3,1050
64,70116,1,1,110,1,0,1600,4,1035
65,70068,1,1,110,1,0,1600,5,1075
67,70000,1,1,107,1,1,1587,3,1065
68,70000,1,1,86,1,0,1300,3,1015
68,69103,1,1,110,0,0,1600,4,1035
58,69022,1,1,86,1,0,1300,5,1035
67,69000,1,1,110,1,0,1600,3,1065
68,68865,1,1,110,1,0,1600,3,1065
58,68723,1,1,86,0,0,1300,3,1025
63,68453,1,1,110,1,0,1600,5,1070
63,68238,1,1,86,0,0,1300,5,1050
63,68153,1,1,110,1,0,1600,5,1085
65,68000,1,1,110,0,0,1600,5,1075
65,68000,1,1,86,1,0,1300,3,1015
67,67762,1,1,110,1,0,1600,3,1065
68,67146,1,1,110,1,0,1600,5,1075
67,67110,1,1,86,1,0,1300,5,1035
59,67010,1,1,110,1,0,1600,3,1065
65,67003,1,1,110,1,0,1600,4,1035
68,66785,1,1,86,0,1,1300,3,1045
68,66550,1,1,86,0,0,1332,3,1010
61,66259,1,1,110,1,0,1600,3,1065
62,66082,1,1,110,0,0,1600,5,1070
65,66000,1,1,86,1,0,1300,3,1015
61,66000,1,1,110,0,0,1600,3,1050
63,65896,1,1,110,1,0,1600,3,1065
67,65785,1,1,110,1,0,1600,5,1075
65,65513,1,1,110,1,1,1600,4,1070
59,65463,1,1,110,1,0,1600,5,1070
68,65400,1,1,86,1,0,1300,4,1000
60,65259,1,1,110,1,0,1600,3,1050
64,65000,1,1,110,1,0,1600,3,1050
68,65000,1,1,110,0,0,1600,5,1070
57,65000,1,1,110,0,0,1600,4,1035
62,64966,1,1,86,0,0,1300,3,1020
68,64950,1,1,110,1,0,1600,5,1075
60,64914,1,1,110,1,0,1600,5,1070
62,64797,1,1,110,1,0,1600,5,1075
65,64772,1,1,110,1,0,1600,3,1050
63,64690,1,1,86,0,0,1300,3,1020
65,64630,1,1,110,0,0,1600,5,1070
67,64613,1,1,110,1,0,1600,5,1085
60,64383,1,1,86,0,0,1300,3,1015
68,64000,1,1,110,0,0,1600,5,1075
66,63881,1,1,86,0,0,1300,3,1015
58,63870,0,0,72,0,0,2000,5,1135
66,63328,1,1,86,0,1,1300,5,1065
65,63000,1,1,86,1,1,1300,5,1065
61,63000,1,1,86,0,1,1300,3,1050
65,62396,1,1,110,0,0,1600,3,1050
62,62377,1,1,110,1,0,1600,5,1075
67,62316,1,1,110,1,0,1600,3,1050
68,62292,1,1,110,1,0,1600,3,1065
65,62225,1,1,110,1,0,1600,3,1050
68,62222,1,1,110,0,0,1600,5,1075
66,62135,1,1,86,1,0,1300,5,1035
58,62024,1,1,110,1,0,1600,5,1075
60,61977,1,1,86,1,0,1300,3,1015
62,61930,1,1,110,1,0,1600,4,1035
57,61682,1,1,110,0,0,1600,3,1050
68,61568,1,1,110,1,0,1600,4,1035
68,61504,1,1,110,1,0,1600,4,1035
65,61384,1,1,110,1,0,1600,3,1050
58,61343,1,1,110,1,0,1600,5,1075
62,61254,1,1,110,0,0,1600,5,1075
59,61166,1,1,110,1,0,1600,3,1050
62,61149,1,1,86,1,0,1300,5,1040
61,61144,1,1,110,1,0,1600,5,1090
59,61127,1,1,110,1,0,1600,3,1050
60,61100,1,1,86,1,0,1300,3,1015
68,61100,1,1,110,1,0,1600,5,1075
57,61000,1,1,110,1,0,1600,3,1050
65,60724,1,1,86,1,0,1300,3,1015
59,60708,1,1,86,1,0,1300,5,1045
61,60532,1,1,110,1,0,1600,3,1050
67,60000,1,1,86,0,1,1300,4,1030
66,60000,1,1,86,1,0,1300,3,1015
65,60000,1,1,86,1,0,1300,3,1015
62,59295,1,1,86,0,0,1300,5,1035
65,59264,1,1,86,0,0,1300,3,1015
63,59000,1,1,110,0,0,1600,3,1050
63,59000,1,1,86,1,0,1300,5,1035
65,59000,1,1,110,0,0,1600,5,1075
61,59000,1,1,110,1,0,1600,5,1070
65,59000,1,1,110,0,0,1600,3,1050
68,58860,1,1,110,1,0,1600,3,1055
65,58829,1,1,110,0,0,1600,3,1050
66,58654,1,1,110,1,0,1600,5,1070
65,58300,1,1,86,1,0,1300,3,1015
60,58269,1,1,110,1,0,1600,3,1050
64,58136,1,1,110,1,0,1600,5,1075
66,58113,1,1,107,1,1,1600,3,1085
67,58058,1,1,110,1,0,1600,3,1065
58,58000,1,1,110,1,0,1600,3,1050
62,58000,1,1,110,1,0,1600,3,1065
68,57565,1,1,86,1,0,1300,5,1035
63,57413,1,1,107,0,1,1600,5,1115
65,57374,1,1,110,1,0,1600,5,1075
62,57179,1,1,110,1,0,1600,5,1075
61,57169,1,1,110,1,0,1600,3,1065
63,57124,1,1,110,1,0,1600,3,1065
63,57000,1,1,110,1,0,1600,3,1050
67,57000,1,1,110,0,0,1600,3,1050
63,57000,1,1,86,1,0,1300,5,1035
59,56259,1,1,86,0,0,1300,3,1015
62,56209,1,1,107,1,1,1600,3,1080
67,56074,1,1,86,0,0,1300,4,1000
63,55942,1,1,110,1,0,1600,5,1070
57,55844,1,1,86,1,0,1300,5,1045
61,55747,1,1,86,0,0,1300,3,1020
58,55478,1,1,86,0,0,1300,5,1045
60,55085,1,1,107,0,1,1600,5,1105
65,55061,1,1,110,1,0,1600,5,1070
65,55000,1,1,86,1,0,1300,3,1015
57,55000,1,1,110,0,0,1600,5,1075
63,54936,1,1,110,1,0,1600,5,1075
68,54875,1,1,110,1,0,1600,5,1070
67,54847,1,1,110,0,0,1600,3,1050
60,54554,1,1,110,1,0,1600,3,1065
61,54125,1,1,110,1,0,1600,5,1035
61,54000,1,1,110,1,0,1600,3,1055
57,54000,1,1,110,1,0,1600,5,1075
58,54000,1,1,86,0,0,1300,5,1035
57,54000,1,1,110,1,0,1600,3,1135
62,53285,1,1,110,1,0,1600,5,1075
65,53053,1,1,110,1,0,1600,5,1075
68,53000,1,1,110,1,1,1587,3,1075
68,53000,1,1,86,0,0,1300,3,1015
64,52968,1,1,110,1,0,1600,3,1050
67,52800,1,1,86,1,0,1300,3,1015
57,52548,1,1,110,0,0,1600,3,1050
60,52487,1,1,110,1,0,1600,4,1035
66,52383,1,1,86,0,0,1300,3,1015
61,52112,1,1,110,1,0,1600,4,1035
58,51712,1,1,110,0,0,1600,3,1050
58,51421,1,1,110,0,1,1600,5,1105
61,51235,1,1,86,1,0,1300,4,1000
65,51000,1,1,86,1,0,1300,3,1015
61,50925,1,1,110,1,0,1600,5,1070
66,50806,1,1,86,0,0,1300,3,1480
59,50469,1,1,110,1,0,1600,5,1070
61,50173,1,1,110,1,0,1600,5,1075
62,50000,1,1,110,1,0,1600,5,1075
65,49942,1,1,110,0,0,1600,3,1065
67,49585,1,1,110,0,0,1600,5,1085
62,49258,1,1,110,1,0,1600,4,1035
61,49000,1,1,110,0,0,1600,3,1050
63,48738,1,1,110,0,0,1600,5,1055
62,47750,1,1,86,1,0,1300,5,1040
63,47612,1,1,86,0,0,1300,3,1015
68,47500,1,1,86,1,0,1300,5,1035
66,47237,1,1,110,0,0,1600,3,1050
58,47171,1,1,86,1,0,1300,3,1015
60,47060,1,1,110,0,0,1600,4,1035
65,47014,1,1,86,1,0,1300,3,1015
59,46929,1,1,86,1,0,1300,3,1025
63,46000,1,1,86,0,0,1300,5,1035
65,45681,1,1,110,0,0,1600,3,1050
65,45549,1,1,86,1,0,1300,3,1015
57,45000,1,1,110,1,0,1600,5,1050
57,45000,1,1,110,1,0,1600,3,1050
65,45000,1,1,110,0,0,1600,5,1075
66,45000,1,1,86,1,0,1300,5,1035
63,45000,1,1,110,1,0,1600,4,1035
61,45000,1,1,107,0,1,1600,3,1085
63,44944,1,1,110,1,0,1600,4,1035
61,44597,1,1,86,0,0,1300,3,1015
68,44458,1,1,86,0,0,1300,3,1015
59,43818,1,1,110,0,0,1600,5,1070
60,43426,1,1,110,1,0,1600,5,1070
58,43000,0,1,110,1,1,1600,4,1114
68,43000,1,1,110,1,0,1600,5,1035
57,43000,1,1,110,0,0,1600,5,1075
64,43000,1,1,86,0,0,1300,3,1015
68,42750,1,1,110,1,0,1600,3,1050
67,42102,1,1,110,1,0,1600,5,1075
63,41586,1,1,110,1,0,1600,5,1114
64,41200,1,1,110,0,0,1600,5,1070
57,40214,1,1,86,0,0,1300,3,1025
60,40000,1,1,86,1,0,1300,4,1000
66,39222,1,1,86,1,1,1300,3,1045
66,39144,1,1,110,1,0,1600,3,1050
62,39000,1,1,110,1,0,1600,5,1075
61,38019,1,1,110,1,0,1600,5,1070
68,37759,1,1,110,1,0,1600,5,1070
61,37500,1,1,110,0,0,1600,5,1085
60,37111,1,1,110,1,0,1600,3,1050
62,37000,1,1,86,0,0,1300,3,1015
59,36954,1,1,110,1,0,1600,3,1050
60,36943,1,1,110,0,0,1600,5,1070
63,36923,1,1,86,0,0,1300,5,1050
66,36658,1,1,110,0,0,1600,3,1050
65,36000,1,1,86,1,0,1300,3,1015
65,36000,1,1,110,1,0,1600,3,1065
62,35512,1,1,110,1,0,1600,3,1065
65,35283,1,1,86,1,0,1300,3,1015
68,35000,1,1,110,1,0,1600,3,1050
57,35000,1,1,86,1,0,1300,5,1045
64,34114,1,1,110,0,0,1600,3,1050
58,34000,1,1,110,0,0,1600,5,1075
68,33847,1,1,86,1,0,1300,4,1000
57,33535,1,1,110,0,0,1600,4,1035
65,33000,1,1,110,0,0,1600,3,1050
59,32150,1,1,110,1,0,1600,5,1085
65,31588,1,1,86,1,0,1300,3,1015
60,31480,1,1,110,1,0,1600,3,1065
57,31307,1,1,110,1,0,1600,5,1070
68,31000,1,1,110,1,0,1600,4,1035
58,30634,1,1,110,1,0,1600,5,1075
68,30300,1,1,86,1,0,1300,4,1000
60,28500,1,1,86,1,1,1300,3,1045
60,28500,1,1,110,0,0,1600,5,1075
57,28000,1,1,86,0,0,1300,3,1015
68,26698,1,1,110,0,0,1600,3,1055
62,26000,1,1,107,0,1,1600,3,1085
62,25505,1,1,86,1,0,1300,5,1035
58,25000,1,1,110,1,0,1600,5,1075
66,22835,1,1,110,1,0,1600,3,1050
59,22705,1,1,110,1,0,1600,5,1075
63,22178,1,1,86,1,0,1300,3,1015
62,17345,1,1,110,1,0,1600,3,1050
67,15535,1,1,86,1,1,1300,4,1030
66,15110,1,1,86,0,0,1300,5,1035
73,232940,0,0,72,0,0,2000,5,1172
79,218118,0,0,72,0,0,2000,5,1150
78,217764,0,0,72,1,0,2000,5,1135
79,207114,0,1,110,1,0,1600,5,1114
74,203254,0,0,72,1,0,2000,3,1135
77,200732,0,0,72,1,0,2000,4,1100
69,197501,0,0,72,0,0,2000,5,1135
80,194765,0,0,72,0,0,2000,3,1120
76,191620,0,0,72,0,0,2000,5,1150
76,183277,0,0,72,0,0,2000,3,1115
78,180378,0,0,72,1,0,2000,4,1100
70,178800,0,0,72,0,0,2000,3,1115
73,176177,1,1,110,1,0,1600,5,1075
78,176000,1,1,86,0,0,1300,5,1035
77,172980,0,0,72,1,0,2000,5,1135
77,170000,0,0,72,0,0,2000,4,1100
71,164000,1,1,110,1,0,1600,3,1050
78,161775,1,1,86,1,0,1300,3,1015
80,160000,1,1,86,0,0,1300,3,1015
78,159968,0,0,72,0,0,2000,3,1115
74,159908,1,1,110,0,0,1600,3,1050
73,158492,1,1,86,0,0,1300,3,1015
69,156204,0,0,72,1,0,2000,3,1115
73,156169,1,1,86,1,0,1300,5,1035
78,155210,1,1,110,0,0,1600,3,1050
69,155000,0,0,72,0,0,2000,3,1115
76,154900,0,0,72,1,0,2000,5,1140
70,151300,0,0,72,1,0,2000,5,1150
71,151000,0,1,110,1,0,1600,5,1094
75,150000,0,0,72,1,0,2000,3,1135
69,146304,0,0,72,1,0,2000,3,1115
75,146197,1,1,86,0,0,1300,3,1015
77,145996,1,1,110,0,0,1600,4,1035
80,143560,1,1,86,1,1,1300,3,1045
71,139145,0,0,73,0,0,2000,2,1115
79,138500,1,1,86,0,0,1300,5,1050
74,137741,0,0,90,1,0,2000,5,1135
80,137178,0,0,90,1,0,2000,5,1135
76,134889,0,0,72,1,0,2000,3,1115
71,134660,0,0,72,0,0,2000,5,1135
73,134539,1,1,110,0,0,1600,5,1070
79,131500,0,0,72,0,0,2000,5,1140
77,131307,1,1,110,1,0,1600,3,1050
74,130025,1,1,110,1,0,1600,3,1050
78,130000,1,1,86,0,0,1300,5,1015
77,128960,1,1,110,1,0,1600,5,1070
80,128351,1,1,110,1,0,1600,5,1070
73,128006,1,1,110,1,0,1600,3,1050
71,127159,0,0,72,1,0,2000,3,1115
72,126478,1,1,110,1,0,1600,4,1035
77,126000,1,1,110,1,0,1600,5,1050
76,125778,1,1,110,0,0,1600,3,1050
75,125400,1,1,110,0,0,1600,3,1050
74,124910,0,0,72,0,0,2000,5,1135
70,124743,1,1,110,1,0,1600,3,1050
76,124591,1,1,110,1,0,1600,5,1075
74,124057,1,1,110,1,0,1600,3,1050
72,123403,1,1,110,1,0,1600,3,1050
75,123104,1,1,110,1,0,1600,5,1070
74,123077,1,1,86,1,0,1300,3,1015
80,122820,1,1,86,0,0,1300,5,1040
77,122290,1,1,110,0,0,1600,3,1050
74,121900,1,1,110,1,0,1600,4,1035
77,121545,1,1,110,1,0,1600,5,1070
71,120474,0,0,72,1,0,2000,3,1115
76,120263,0,0,72,1,0,2000,5,1135
74,120196,1,1,110,1,0,1600,3,1050
71,120000,1,1,110,0,0,1600,5,1085
78,120000,1,1,110,0,0,1600,5,1075
73,115877,1,1,110,0,0,1600,4,1035
76,115345,1,1,110,1,0,1600,5,1070
71,115157,1,1,110,1,0,1600,3,1050
78,115000,1,1,107,1,1,1600,5,1100
77,114258,1,1,86,1,0,1300,5,1050
73,112963,0,0,72,1,0,2000,5,1135
74,112307,1,1,110,1,0,1600,5,1070
72,112000,1,1,86,1,0,1300,3,1015
73,111602,1,1,86,1,0,1300,3,1015
80,111392,0,1,110,0,0,1598,3,1083
76,110901,1,1,110,1,0,1600,5,1085
80,110887,1,1,110,1,0,1600,3,1055
72,110634,1,1,86,1,0,1300,3,1015
80,110000,1,1,110,1,0,1600,4,1035
75,109540,1,1,110,0,0,1600,5,1085
78,109263,1,1,110,0,0,1600,5,1070
71,107516,1,1,110,1,0,1600,3,1050
73,107108,1,1,110,1,0,1600,3,1050
75,107000,1,1,110,1,0,1600,3,1050
74,106250,1,1,110,0,0,1600,5,1070
71,106150,1,1,86,0,0,1300,3,1015
72,106108,1,1,110,1,0,1600,3,1050
72,105856,1,1,86,0,0,1300,3,1015
77,105152,1,1,86,0,0,1300,3,1015
80,105135,1,1,110,1,0,1600,3,1050
76,104344,1,1,110,1,0,1600,3,1050
74,104150,1,1,110,1,0,1600,3,1050
74,104000,1,1,86,1,0,1300,3,1010
73,103121,1,1,86,1,0,1300,5,1035
80,102300,1,1,86,1,0,1300,3,1015
75,102005,1,1,107,1,1,1600,5,1105
77,102000,1,1,86,1,0,1300,3,1015
75,101855,1,1,110,1,0,1600,5,1070
74,101773,1,1,110,0,0,1600,3,1050
75,101159,1,1,110,1,0,1600,5,1085
74,101000,1,1,86,0,0,1300,3,1015
74,100732,1,1,86,1,1,1300,4,1030
79,100719,1,1,110,0,0,1600,5,1070
78,100487,1,1,110,0,0,1600,4,1035
80,100458,1,1,110,0,0,1600,5,1085
75,100192,1,1,110,1,0,1600,3,1050
80,100123,1,1,110,1,0,1600,3,1050
73,99971,1,1,110,1,0,1600,3,1050
79,99397,1,1,86,0,0,1300,5,1035
69,99374,1,1,86,1,0,1300,5,1035
72,99245,1,1,110,1,0,1600,5,1114
79,98742,1,1,110,0,0,1600,5,1085
71,98154,1,1,110,1,0,1600,3,1050
77,98000,1,1,110,1,0,1600,5,1065
80,97548,1,1,86,0,0,1300,5,1035
78,97534,1,1,110,1,0,1600,5,1070
73,97494,1,1,110,1,0,1600,5,1085
73,97085,1,1,110,1,0,1600,5,1085
69,97000,1,1,110,0,0,1600,4,1035
74,96302,1,1,86,1,0,1300,3,1015
78,96000,1,1,86,1,0,1300,3,1015
74,96000,1,1,110,1,0,1600,5,1085
78,95909,1,1,110,1,0,1600,5,1070
79,95700,1,1,110,0,0,1600,5,1085
78,95651,1,1,110,1,0,1600,5,1070
79,95000,1,1,86,1,0,1300,5,1035
80,94447,1,1,110,0,0,1600,3,1050
80,94079,1,1,110,1,0,1600,5,1085
80,93841,1,1,110,0,0,1600,5,1070
79,93090,1,1,86,1,0,1300,5,1035
72,93066,1,1,110,1,0,1600,5,1075
79,93039,1,1,110,1,0,1600,3,1050
77,93000,1,1,110,1,0,1600,5,1075
80,92830,1,1,86,1,0,1300,3,1015
80,92255,1,1,107,0,1,1600,5,1105
80,92096,1,1,86,1,0,1300,5,1035
72,91921,1,1,86,1,0,1300,3,1020
70,91900,1,1,86,1,0,1300,3,1015
78,91399,1,1,110,1,0,1600,5,1070
75,91082,1,1,110,1,0,1600,3,1050
71,90370,1,1,86,1,0,1300,5,1035
78,90345,1,1,86,1,0,1300,5,1035
77,90305,1,1,86,1,0,1300,3,1015
78,90011,1,1,86,0,1,1300,3,1045
77,90000,1,1,86,1,0,1300,3,1015
70,89983,1,1,110,0,0,1600,3,1055
78,89953,1,1,110,0,0,1600,5,1114
74,89800,0,0,72,1,0,2000,3,1115
79,89739,1,1,86,1,0,1300,5,1035
76,89520,1,1,110,1,0,1600,3,1050
75,89507,1,1,86,0,0,1300,3,1015
69,89096,1,1,110,1,0,1600,5,1085
74,88700,1,1,110,1,0,1600,3,1050
72,88500,1,1,110,1,0,1600,5,1075
73,88186,0,0,72,1,0,2000,3,1115
75,88000,1,1,110,1,0,1600,3,1050
78,87743,1,1,110,0,0,1600,3,1055
75,87613,1,1,86,0,0,1300,3,1015
73,87358,1,1,110,1,0,1600,3,1050
72,87083,1,1,110,0,0,1600,4,1035
70,87000,1,1,110,1,0,1600,4,1035
78,87000,1,1,110,1,0,1600,4,1035
73,87000,1,1,86,1,0,1300,3,1015
80,87000,1,1,86,1,0,1300,3,1015
72,86860,1,1,110,0,0,1600,5,1075
80,86109,1,1,110,1,0,1600,3,1055
79,86000,1,1,86,1,0,1300,5,1040
80,86000,1,1,110,0,0,1600,3,1050
70,85864,0,0,72,1,0,2000,5,1135
80,85565,1,1,110,0,0,1600,5,1070
70,85470,1,1,107,0,1,1600,3,1080
73,85200,1,1,110,1,0,1600,3,1050
70,85000,1,1,110,1,0,1600,3,1055
73,84988,1,1,110,1,0,1600,3,1050
79,84966,1,1,110,0,0,1600,5,1070
76,84472,1,1,110,1,0,1600,5,1070
73,84402,1,1,110,1,0,1600,4,1035
74,84123,1,1,110,0,0,1600,3,1050
80,84000,1,1,110,0,0,1600,5,1075
78,84000,1,1,110,1,0,1600,5,1065
77,84000,1,1,110,1,0,1600,5,1085
75,83850,1,1,110,1,0,1600,3,1055
80,83540,1,1,110,1,0,1600,5,1070
76,83405,1,1,110,1,0,1600,5,1070
71,83291,1,1,110,1,0,1600,5,1070
69,83133,1,1,86,0,0,1300,3,1015
71,83047,1,1,86,1,1,1300,3,1045
71,82700,1,1,110,0,0,1600,3,1050
78,82675,1,1,86,0,0,1300,3,1015
78,82595,1,1,86,1,0,1300,3,1015
75,82256,1,1,110,1,0,1600,3,1050
77,82103,1,1,86,1,0,1300,3,1015
80,82021,1,1,86,1,0,1300,5,1035
71,82000,1,1,110,1,0,1600,5,1075
79,81988,1,1,110,1,0,1600,5,1070
76,81930,1,1,110,0,0,1600,5,1070
70,81663,1,1,110,0,0,1600,3,1050
77,80486,1,1,110,1,0,1600,5,1070
78,80000,1,1,110,1,0,1600,4,1065
69,79000,1,1,86,0,0,1300,3,1015
74,78894,1,1,110,0,0,1600,5,1070
78,78689,1,1,110,0,0,1600,4,1035
77,78435,1,1,86,0,0,1300,3,1015
71,78260,1,1,110,0,0,1600,3,1050
72,78120,1,1,110,1,0,1600,5,1075
77,77000,1,1,86,0,0,1300,3,1015
78,77000,1,1,110,0,0,1600,3,1050
75,76382,1,1,110,1,0,1600,3,1055
76,76268,1,1,86,1,0,1300,3,1015
73,76151,1,1,86,1,0,1300,3,1015
80,76000,1,1,110,0,0,1600,3,1050
71,76000,1,1,110,1,0,1600,5,1070
72,75840,1,1,86,0,0,1300,5,1035
77,75799,1,1,110,1,0,1600,3,1050
72,75525,1,1,110,1,0,1600,3,1114
78,75323,1,1,86,1,0,1300,5,1050
79,75322,1,1,110,1,0,1600,4,1115
78,75226,1,1,110,0,0,1600,4,1035
71,75085,1,1,86,0,0,1300,5,1035
73,75000,1,1,110,0,0,1600,5,1075
69,75000,1,1,86,1,0,1300,4,1000
69,75000,1,1,86,1,0,1300,4,1000
78,74926,1,1,110,1,0,1600,5,1075
80,74785,1,1,110,1,0,1600,5,1070
69,74573,1,1,110,1,0,1600,5,1085
75,74567,1,1,86,1,0,1300,3,1015
80,74196,1,1,110,0,0,1600,5,1075
80,74151,1,1,110,1,0,1600,3,1050
75,74096,1,1,110,1,0,1600,3,1050
79,74093,1,1,110,1,0,1600,5,1075
71,74000,1,1,110,0,0,1600,3,1050
75,74000,1,1,86,1,0,1300,3,1015
78,73638,1,1,86,1,1,1300,4,1015
75,73460,1,1,110,1,0,1600,5,1070
80,73200,1,1,110,1,0,1600,5,1070
76,73116,1,1,110,1,0,1600,5,1075
70,73014,1,1,110,1,0,1600,5,1075
77,72703,1,1,110,1,0,1600,3,1050
79,72328,1,1,110,1,0,1600,5,1075
78,72222,1,1,110,1,0,1600,5,1070
71,72128,1,1,107,1,1,1600,5,1100
78,72090,1,1,110,1,0,1600,5,1070
78,72000,1,1,110,1,0,1600,4,1035
78,72000,1,1,110,0,0,1600,3,1055
77,71900,1,1,86,1,0,1300,3,1015
77,71825,1,1,110,0,0,1600,5,1075
80,71740,1,1,110,1,0,1600,5,1070
80,71500,1,1,110,1,0,1600,4,1035
79,71359,1,1,110,1,0,1600,3,1050
79,71263,1,1,86,0,0,1300,3,1015
78,71186,1,1,110,0,0,1600,3,1050
72,71054,1,1,86,0,1,1300,3,1045
76,71000,1,1,110,1,0,1600,3,1050
80,70939,1,1,110,1,1,1600,5,1100
77,70932,1,1,110,1,0,1600,3,1050
80,70597,1,1,107,1,1,1600,3,1080
73,70482,1,1,110,1,0,1600,5,1075
77,70124,1,1,110,1,0,1600,3,1050
76,70039,1,1,110,1,0,1600,3,1050
80,69904,1,1,110,0,0,1600,5,1070
75,69388,1,1,86,0,0,1300,3,1010
75,69320,1,1,110,1,0,1600,5,1070
78,69000,1,1,110,1,0,1600,5,1075
73,68988,1,1,86,1,0,1300,5,1035
79,68945,1,1,110,1,0,1600,5,1085
74,68285,1,1,110,1,0,1600,3,1050
76,68000,1,1,110,1,0,1600,5,1075
70,68000,1,1,86,1,1,1300,3,1045
75,67451,1,1,86,1,0,1300,4,1000
76,67266,1,1,86,1,0,1300,5,1035
78,67255,1,1,110,0,0,1600,5,1085
70,67100,1,1,110,1,0,1600,5,1075
69,67092,0,0,72,1,0,2000,3,1115
80,66880,1,1,110,1,0,1600,3,1055
79,66855,1,1,110,1,0,1600,5,1075
80,66843,1,1,110,1,0,1600,5,1075
74,66718,1,1,110,1,0,1600,3,1050
80,66168,1,1,86,1,0,1300,3,1015
80,65950,1,1,110,0,0,1600,5,1070
78,65500,1,1,86,1,0,1300,3,1015
80,65307,1,1,110,1,0,1600,3,1055
79,65254,1,1,86,1,0,1300,3,1015
71,65021,0,0,72,1,0,2000,3,1115
75,65006,1,1,86,1,0,1300,3,1015
77,64280,1,1,110,0,0,1600,4,1035
75,64000,1,1,107,0,1,1600,3,1085
71,64000,1,1,110,1,0,1600,5,1070
80,64000,1,1,110,0,0,1600,3,1055
79,63918,1,1,110,0,0,1600,4,1035
75,63634,1,1,110,1,0,1600,4,1035
80,63500,1,1,110,1,0,1600,3,1050
80,63266,1,1,110,1,0,1600,4,1035
77,62595,1,1,110,1,0,1600,3,1050
80,62581,1,1,110,0,0,1600,5,1075
77,62285,1,1,110,1,0,1600,5,1075
77,61906,1,1,86,1,1,1300,5,1065
74,61700,1,1,110,0,0,1600,5,1070
77,61648,1,1,110,1,0,1600,5,1070
75,61626,1,1,86,0,0,1300,5,1035
70,61510,1,1,110,0,0,1600,4,1035
79,61165,1,1,107,1,1,1600,3,1080
70,61000,1,1,110,1,0,1600,4,1035
76,60833,1,1,110,1,0,1600,4,1035
70,60600,1,1,86,0,0,1300,3,1060
72,60483,1,1,110,1,0,1600,5,1075
80,60476,1,1,110,1,0,1600,5,1114
79,60142,1,1,110,0,0,1600,3,1050
69,60050,1,1,110,1,0,1600,3,1050
77,60000,1,1,110,1,0,1600,3,1050
76,60000,1,1,110,0,0,1600,3,1050
76,59815,1,1,110,1,0,1587,3,1055
80,59326,1,1,110,1,0,1600,5,1085
73,59240,1,1,110,1,0,1600,3,1050
71,59164,1,1,110,0,0,1600,4,1035
70,59017,1,1,107,1,1,1600,3,1080
69,58952,1,1,110,1,0,1600,3,1050
74,58454,1,1,86,1,0,1300,3,1015
75,58341,1,1,86,1,1,1300,4,1030
80,58267,1,1,110,1,0,1600,5,1070
80,58000,1,1,110,0,0,1600,3,1055
70,57829,1,1,110,0,0,1600,3,1050
80,57787,1,1,86,0,0,1300,3,1015
78,57628,1,1,110,0,0,1600,5,1075
75,57537,1,1,86,1,0,1300,5,1050
76,57263,1,1,110,1,0,1600,3,1050
75,57144,1,1,110,1,0,1600,5,1070
69,57096,1,1,86,1,0,1300,3,1025
80,57000,1,1,86,0,0,1300,4,1000
73,56566,1,1,110,1,0,1600,3,1050
73,56307,1,1,110,1,0,1600,3,1050
79,56214,1,1,86,0,0,1300,3,1015
74,56132,1,1,110,0,0,1600,4,1035
79,55425,1,1,110,0,0,1600,5,1075
77,54439,1,1,86,1,0,1300,3,1015
69,53809,1,1,110,1,0,1600,3,1050
76,53133,1,1,110,1,0,1600,5,1070
77,52900,1,1,110,1,0,1600,4,1075
80,52700,1,1,110,0,0,1600,3,1050
69,52320,1,1,110,0,0,1600,5,1070
78,52287,1,1,110,0,0,1600,5,1114
75,52000,1,1,110,0,0,1600,5,1075
69,52000,1,1,110,1,0,1600,3,1050
73,52000,1,1,110,1,1,1600,4,1065
70,51874,1,1,86,0,0,1300,4,1000
79,49827,1,1,86,1,0,1300,5,1035
69,49640,1,1,110,1,0,1600,4,1035
80,49580,1,1,110,1,0,1600,4,1035
76,49170,1,1,86,0,0,1300,3,1045
77,48838,1,1,110,0,0,1600,3,1055
71,48576,1,1,86,1,0,1300,3,1015
75,48400,1,1,110,1,0,1600,5,1075
74,48242,1,1,86,1,0,1300,5,1035
70,47955,1,1,110,1,0,1600,5,1070
71,47633,1,1,110,1,0,1600,5,1075
78,47400,1,1,86,1,0,1300,5,1040
73,47360,1,1,86,0,0,1300,3,1010
77,45507,1,1,110,1,0,1600,3,1050
76,45410,1,1,86,1,0,1300,5,1035
70,44850,1,1,110,1,0,1600,3,1050
69,44826,1,1,110,0,0,1600,5,1075
80,44444,1,1,110,1,0,1600,3,1050
75,43720,1,1,110,1,0,1600,5,1070
78,43622,1,1,86,1,0,1300,4,1000
76,43532,1,1,110,0,0,1600,5,1070
69,42800,1,1,110,1,0,1600,3,1050
74,42317,1,1,107,1,1,1600,5,1100
80,42186,1,1,110,1,0,1600,3,1050
72,42000,1,1,110,1,0,1600,3,1050
79,40093,1,1,110,0,0,1600,5,1114
79,39800,1,1,107,0,1,1600,3,1080
73,39168,1,1,86,0,0,1300,3,1015
75,38945,1,1,110,1,0,1600,3,1050
76,36537,1,1,110,0,1,1600,4,1075
78,36000,1,1,86,0,1,1300,3,1045
78,36000,1,1,110,1,0,1600,3,1050
80,35821,1,1,86,0,1,1300,3,1015
73,34717,1,1,86,0,0,1300,3,1015
80,34000,1,1,86,1,0,1300,4,1000
78,30964,1,1,110,0,1,1600,3,1080
71,29000,1,1,86,1,1,1300,3,1045
72,26000,1,1,86,0,0,1300,3,1015
78,24000,1,1,86,1,1,1300,5,1065
80,23000,1,1,86,0,0,1300,3,1015
69,20544,1,1,86,1,0,1300,3,1025
72,19000,1,1,86,0,0,1300,3,1015
71,17016,1,1,86,0,0,1300,3,1015
70,16916,1,1,86,1,0,1300,3,1015
